{
  "properties": {
    "connectionReferences": {
      "shared_sharepointonline": {
        "runtimeSource": "embedded",
        "connection": {
          "connectionReferenceLogicalName": "new_sharedsharepointonline_15cd7"
        },
        "api": {
          "name": "shared_sharepointonline"
        }
      }
    },
    "definition": {
      "$schema": "https://schema.management.azure.com/providers/Microsoft.Logic/schemas/2016-06-01/workflowdefinition.json#",
      "contentVersion": "1.0.0.0",
      "parameters": {
        "$connections": {
          "defaultValue": {},
          "type": "Object"
        },
        "$authentication": {
          "defaultValue": {},
          "type": "SecureObject"
        }
      },
      "triggers": {
        "Schedule": {
          "recurrence": {
            "frequency": "Day",
            "interval": 1
          },
          "metadata": {
            "operationMetadataId": "d7853f23-3c54-4e48-84de-07f516b8ab7a"
          },
          "type": "Recurrence"
        }
      },
      "actions": {
        "Set_App_Id": {
          "runAfter": {
            "Convert_time_zone": [
              "Succeeded"
            ]
          },
          "metadata": {
            "operationMetadataId": "fcfcdcda-eebc-4e48-bce2-efed2599ee14"
          },
          "type": "InitializeVariable",
          "inputs": {
            "variables": [
              {
                "name": "AppId",
                "type": "string",
                "value": "92ee2d9c-3f39-4c07-90d3-8d96445ad818"
              }
            ]
          }
        },
        "Set_Tenant_Id": {
          "runAfter": {
            "Set_App_Id": [
              "Succeeded"
            ]
          },
          "metadata": {
            "operationMetadataId": "22c74adf-5cc9-45d4-bd6d-bf98d6c15e05"
          },
          "type": "InitializeVariable",
          "inputs": {
            "variables": [
              {
                "name": "TenantId",
                "type": "string",
                "value": "e9112c5c-e4bb-4ab9-8b4c-3692f43531a7"
              }
            ]
          }
        },
        "Set_Secret_Value": {
          "runAfter": {
            "Set_Tenant_Id": [
              "Succeeded"
            ]
          },
          "metadata": {
            "operationMetadataId": "73c88685-f221-43ca-b9ab-282736274c35"
          },
          "type": "InitializeVariable",
          "inputs": {
            "variables": [
              {
                "name": "SecretValue",
                "type": "string",
                "value": "lSR8Q~VNcLfYE~wisVGPhU0m~UebCFcDt5UHSdtz"
              }
            ]
          }
        },
        "Current_time": {
          "runAfter": {},
          "metadata": {
            "operationMetadataId": "ebf97a8a-02bd-44ec-8568-fe374dd1f091"
          },
          "type": "Expression",
          "kind": "CurrentTime",
          "inputs": {}
        },
        "Convert_time_zone": {
          "runAfter": {
            "Current_time": [
              "Succeeded"
            ]
          },
          "metadata": {
            "operationMetadataId": "2dcf93c1-63d4-442d-b9e4-1a95d0549dfd"
          },
          "type": "Expression",
          "kind": "ConvertTimeZone",
          "inputs": {
            "baseTime": "@body('Current_time')",
            "formatString": "d",
            "sourceTimeZone": "UTC",
            "destinationTimeZone": "Romance Standard Time"
          }
        },
        "Set_ODataNextLink": {
          "runAfter": {
            "Set_ListClean": [
              "Succeeded"
            ]
          },
          "metadata": {
            "operationMetadataId": "c6f26e4c-1dec-402d-b14d-a40cb34c6d0d"
          },
          "type": "InitializeVariable",
          "inputs": {
            "variables": [
              {
                "name": "ODataNextLink",
                "type": "string",
                "value": "https://graph.microsoft.com/v1.0/groups?$top=999"
              }
            ]
          }
        },
        "Fill_in_List_Recursivelly": {
          "actions": {
            "HTTP_groups_graph_query": {
              "runAfter": {},
              "metadata": {
                "operationMetadataId": "7b29130f-0889-42f7-8cb2-0a23fc0496cf"
              },
              "type": "Http",
              "inputs": {
                "method": "GET",
                "uri": "@variables('ODataNextLink')",
                "headers": {
                  "content-type": "application/json"
                },
                "authentication": {
                  "type": "ActiveDirectoryOAuth",
                  "tenant": "@variables('TenantId')",
                  "audience": "https://graph.microsoft.com",
                  "clientId": "@variables('AppId')",
                  "secret": "@variables('SecretValue')"
                }
              }
            },
            "Parse_JSON_to_add_in_to_a_Sharepoint_List": {
              "runAfter": {
                "HTTP_groups_graph_query": [
                  "Succeeded"
                ]
              },
              "metadata": {
                "operationMetadataId": "945c92f6-3736-4fd6-8a15-92cb1caebd28"
              },
              "type": "ParseJson",
              "inputs": {
                "content": "@body('HTTP_groups_graph_query')",
                "schema": {
                  "type": "object",
                  "properties": {
                    "@@odata.nextlink": {
                      "type": "string"
                    },
                    "@@odata.context": {
                      "type": "string"
                    },
                    "value": {
                      "type": "array",
                      "items": {
                        "type": "object",
                        "properties": {
                          "id": {
                            "type": "string"
                          }
                        },
                        "required": [
                          "id"
                        ]
                      }
                    }
                  }
                }
              }
            },
            "Reset_odata.nextLink": {
              "runAfter": {
                "Parse_JSON_to_add_in_to_a_Sharepoint_List": [
                  "Succeeded"
                ]
              },
              "metadata": {
                "operationMetadataId": "9cbb5bff-3536-4c4e-a0bb-30a022959946"
              },
              "type": "SetVariable",
              "inputs": {
                "name": "ODataNextLink",
                "value": "@body('Parse_JSON_to_add_in_to_a_Sharepoint_List')?['@odata.nextlink']"
              }
            },
            "Apply_to_each": {
              "foreach": "@body('Parse_JSON_to_add_in_to_a_Sharepoint_List')?['value']",
              "actions": {
                "HTTP_groups_members_graph_query": {
                  "runAfter": {},
                  "metadata": {
                    "operationMetadataId": "7b29130f-0889-42f7-8cb2-0a23fc0496cf"
                  },
                  "type": "Http",
                  "inputs": {
                    "method": "GET",
                    "uri": "https://graph.microsoft.com/v1.0/groups/@{items('Apply_to_each')?['id']}/members",
                    "headers": {
                      "content-type": "application/json"
                    },
                    "authentication": {
                      "type": "ActiveDirectoryOAuth",
                      "tenant": "@variables('TenantId')",
                      "audience": "https://graph.microsoft.com",
                      "clientId": "@variables('AppId')",
                      "secret": "@variables('SecretValue')"
                    }
                  }
                },
                "Create_item_in_groups_sharepoint_list": {
                  "runAfter": {
                    "Apply_to_each_2": [
                      "Succeeded"
                    ]
                  },
                  "metadata": {
                    "operationMetadataId": "a60ae240-6e4f-420d-a2e3-4b993cf10615"
                  },
                  "type": "OpenApiConnection",
                  "inputs": {
                    "host": {
                      "connectionName": "shared_sharepointonline",
                      "operationId": "PostItem",
                      "apiId": "/providers/Microsoft.PowerApps/apis/shared_sharepointonline"
                    },
                    "parameters": {
                      "dataset": "https://t8656.sharepoint.com/sites/graph_provisioning/",
                      "table": "31dc7f82-09a5-4248-aa36-947407cbf85c",
                      "item/Title": "@items('Apply_to_each')?['id']",
                      "item/classification": "@items('Apply_to_each')?['classification']",
                      "item/description": "@items('Apply_to_each')?['description']",
                      "item/displayName": "@items('Apply_to_each')?['displayName']",
                      "item/mail": "@items('Apply_to_each')?['mail']",
                      "item/timeStamp": "@body('Convert_time_zone')"
                    },
                    "authentication": "@parameters('$authentication')"
                  }
                },
                "Parse_JSON_to_add_in_to_a_Sharepoint_List_2": {
                  "runAfter": {
                    "HTTP_groups_members_graph_query": [
                      "Succeeded"
                    ]
                  },
                  "metadata": {
                    "operationMetadataId": "945c92f6-3736-4fd6-8a15-92cb1caebd28"
                  },
                  "type": "ParseJson",
                  "inputs": {
                    "content": "@body('HTTP_groups_members_graph_query')",
                    "schema": {
                      "type": "object",
                      "properties": {
                        "@@odata.context": {
                          "type": "string"
                        },
                        "value": {
                          "type": "array",
                          "items": {
                            "type": "object",
                            "properties": {
                              "@@odata.type": {
                                "type": "string"
                              },
                              "id": {
                                "type": "string"
                              }
                            },
                            "required": [
                              "@@odata.type",
                              "id"
                            ]
                          }
                        }
                      }
                    }
                  }
                },
                "Apply_to_each_2": {
                  "foreach": "@body('Parse_JSON_to_add_in_to_a_Sharepoint_List_2')?['value']",
                  "actions": {
                    "Create_item": {
                      "runAfter": {},
                      "metadata": {
                        "operationMetadataId": "ef8eb9ac-d6a8-429b-855d-f6c47d61c061"
                      },
                      "type": "OpenApiConnection",
                      "inputs": {
                        "host": {
                          "connectionName": "shared_sharepointonline",
                          "operationId": "PostItem",
                          "apiId": "/providers/Microsoft.PowerApps/apis/shared_sharepointonline"
                        },
                        "parameters": {
                          "dataset": "https://t8656.sharepoint.com/sites/graph_provisioning",
                          "table": "87a48c7e-0bc4-4394-9477-640ab6425c92",
                          "item/Title": "@items('Apply_to_each')?['id']",
                          "item/userPrincipalName": "@items('Apply_to_each_2')?['mail']",
                          "item/userId": "@items('Apply_to_each_2')?['id']",
                          "item/timeStamp": "@body('Convert_time_zone')"
                        },
                        "authentication": "@parameters('$authentication')"
                      }
                    }
                  },
                  "runAfter": {
                    "Parse_JSON_to_add_in_to_a_Sharepoint_List_2": [
                      "Succeeded"
                    ]
                  },
                  "metadata": {
                    "operationMetadataId": "30081a93-90e1-46a4-9328-8004d22f3677"
                  },
                  "type": "Foreach"
                }
              },
              "runAfter": {
                "Reset_odata.nextLink": [
                  "Succeeded"
                ]
              },
              "metadata": {
                "operationMetadataId": "211039b7-4cd0-412a-b5af-785d46e940d5"
              },
              "type": "Foreach"
            }
          },
          "runAfter": {
            "Set_ODataNextLink": [
              "Succeeded"
            ]
          },
          "expression": "@not(contains(variables('ODataNextLink'), 'https://graph.microsoft.com/v1.0/groups?$top=999'))",
          "limit": {
            "count": 60,
            "timeout": "PT1H"
          },
          "metadata": {
            "operationMetadataId": "74e04bc3-df14-45bd-ac09-abe57f5afff8"
          },
          "type": "Until"
        },
        "Set_ListClean": {
          "runAfter": {
            "Set_Secret_Value": [
              "Succeeded"
            ]
          },
          "metadata": {
            "operationMetadataId": "7e01a156-2afc-4789-97d3-d5cc11e17ec8"
          },
          "type": "InitializeVariable",
          "inputs": {
            "variables": [
              {
                "name": "ListClean",
                "type": "string",
                "value": "ListNotClear"
              }
            ]
          }
        }
      },
      "outputs": {}
    },
    "templateName": ""
  },
  "schemaVersion": "1.0.0.0"
}