{
  "properties": {
    "connectionReferences": {
      "shared_sharepointonline": {
        "runtimeSource": "embedded",
        "connection": {
          "connectionReferenceLogicalName": "new_sharedsharepointonline_15cd7"
        },
        "api": {
          "name": "shared_sharepointonline"
        }
      }
    },
    "definition": {
      "$schema": "https://schema.management.azure.com/providers/Microsoft.Logic/schemas/2016-06-01/workflowdefinition.json#",
      "contentVersion": "1.0.0.0",
      "parameters": {
        "$connections": {
          "defaultValue": {},
          "type": "Object"
        },
        "$authentication": {
          "defaultValue": {},
          "type": "SecureObject"
        }
      },
      "triggers": {
        "Schedule": {
          "recurrence": {
            "frequency": "Day",
            "interval": 1
          },
          "metadata": {
            "operationMetadataId": "d7853f23-3c54-4e48-84de-07f516b8ab7a"
          },
          "type": "Recurrence"
        }
      },
      "actions": {
        "Set_App_Id": {
          "runAfter": {
            "Convert_time_zone": [
              "Succeeded"
            ]
          },
          "metadata": {
            "operationMetadataId": "fcfcdcda-eebc-4e48-bce2-efed2599ee14"
          },
          "type": "InitializeVariable",
          "inputs": {
            "variables": [
              {
                "name": "AppId",
                "type": "string",
                "value": "92ee2d9c-3f39-4c07-90d3-8d96445ad818"
              }
            ]
          }
        },
        "Set_Tenant_Id": {
          "runAfter": {
            "Set_App_Id": [
              "Succeeded"
            ]
          },
          "metadata": {
            "operationMetadataId": "22c74adf-5cc9-45d4-bd6d-bf98d6c15e05"
          },
          "type": "InitializeVariable",
          "inputs": {
            "variables": [
              {
                "name": "TenantId",
                "type": "string",
                "value": "e9112c5c-e4bb-4ab9-8b4c-3692f43531a7"
              }
            ]
          }
        },
        "Set_Secret_Value": {
          "runAfter": {
            "Set_Tenant_Id": [
              "Succeeded"
            ]
          },
          "metadata": {
            "operationMetadataId": "73c88685-f221-43ca-b9ab-282736274c35"
          },
          "type": "InitializeVariable",
          "inputs": {
            "variables": [
              {
                "name": "SecretValue",
                "type": "string",
                "value": "lSR8Q~VNcLfYE~wisVGPhU0m~UebCFcDt5UHSdtz"
              }
            ]
          }
        },
        "Current_time": {
          "runAfter": {},
          "metadata": {
            "operationMetadataId": "ebf97a8a-02bd-44ec-8568-fe374dd1f091"
          },
          "type": "Expression",
          "kind": "CurrentTime",
          "inputs": {}
        },
        "Convert_time_zone": {
          "runAfter": {
            "Current_time": [
              "Succeeded"
            ]
          },
          "metadata": {
            "operationMetadataId": "2dcf93c1-63d4-442d-b9e4-1a95d0549dfd"
          },
          "type": "Expression",
          "kind": "ConvertTimeZone",
          "inputs": {
            "baseTime": "@body('Current_time')",
            "formatString": "d",
            "sourceTimeZone": "UTC",
            "destinationTimeZone": "Romance Standard Time"
          }
        },
        "Set_ODataNextLink": {
          "runAfter": {
            "Set_ListClean": [
              "Succeeded"
            ]
          },
          "metadata": {
            "operationMetadataId": "c6f26e4c-1dec-402d-b14d-a40cb34c6d0d"
          },
          "type": "InitializeVariable",
          "inputs": {
            "variables": [
              {
                "name": "ODataNextLink",
                "type": "string",
                "value": "https://graph.microsoft.com/v1.0/auditLogs/signIns?$top=999"
              }
            ]
          }
        },
        "Set_ListClean": {
          "runAfter": {
            "Set_Secret_Value": [
              "Succeeded"
            ]
          },
          "metadata": {
            "operationMetadataId": "7e01a156-2afc-4789-97d3-d5cc11e17ec8"
          },
          "type": "InitializeVariable",
          "inputs": {
            "variables": [
              {
                "name": "ListClean",
                "type": "string",
                "value": "ListNotClear"
              }
            ]
          }
        },
        "Fill_in_List_Recursivelly": {
          "actions": {
            "Reset_odata.nextLink": {
              "runAfter": {
                "Apply_to_each": [
                  "Succeeded"
                ]
              },
              "metadata": {
                "operationMetadataId": "9cbb5bff-3536-4c4e-a0bb-30a022959946"
              },
              "type": "SetVariable",
              "inputs": {
                "name": "ODataNextLink",
                "value": "@{body('Parse_JSON_to_add_in_to_a_Sharepoint_List')?['@odata.nextLink']}"
              }
            },
            "Parse_JSON_to_add_in_to_a_Sharepoint_List": {
              "runAfter": {
                "HTTP_user_graph_query": [
                  "Succeeded"
                ]
              },
              "metadata": {
                "operationMetadataId": "945c92f6-3736-4fd6-8a15-92cb1caebd28"
              },
              "type": "ParseJson",
              "inputs": {
                "content": "@body('HTTP_user_graph_query')",
                "schema": {
                  "type": "object",
                  "properties": {
                    "@@odata.context": {
                      "type": "string"
                    },
                    "value": {
                      "type": "array",
                      "items": {
                        "type": "object",
                        "properties": {
                          "id": {
                            "type": "string"
                          },
                          "createdDateTime": {
                            "type": "string"
                          },
                          "userDisplayName": {
                            "type": "string"
                          },
                          "userPrincipalName": {
                            "type": "string"
                          },
                          "userId": {
                            "type": "string"
                          },
                          "appId": {
                            "type": "string"
                          },
                          "appDisplayName": {
                            "type": "string"
                          },
                          "ipAddress": {
                            "type": "string"
                          },
                          "clientAppUsed": {
                            "type": "string"
                          },
                          "correlationId": {
                            "type": "string"
                          },
                          "conditionalAccessStatus": {
                            "type": "string"
                          },
                          "isInteractive": {
                            "type": "boolean"
                          },
                          "riskDetail": {
                            "type": "string"
                          },
                          "riskLevelAggregated": {
                            "type": "string"
                          },
                          "riskLevelDuringSignIn": {
                            "type": "string"
                          },
                          "riskState": {
                            "type": "string"
                          },
                          "riskEventTypes": {
                            "type": "array"
                          },
                          "riskEventTypes_v2": {
                            "type": "array"
                          },
                          "resourceDisplayName": {
                            "type": "string"
                          },
                          "resourceId": {
                            "type": "string"
                          },
                          "status": {
                            "type": "object",
                            "properties": {
                              "errorCode": {
                                "type": "integer"
                              },
                              "failureReason": {
                                "type": "string"
                              },
                              "additionalDetails": {
                                "type": "string"
                              }
                            }
                          },
                          "deviceDetail": {
                            "type": "object",
                            "properties": {
                              "deviceId": {
                                "type": "string"
                              },
                              "displayName": {
                                "type": "string"
                              },
                              "operatingSystem": {
                                "type": "string"
                              },
                              "browser": {
                                "type": "string"
                              },
                              "isCompliant": {
                                "type": "boolean"
                              },
                              "isManaged": {
                                "type": "boolean"
                              },
                              "trustType": {
                                "type": "string"
                              }
                            }
                          },
                          "location": {
                            "type": "object",
                            "properties": {
                              "city": {
                                "type": "string"
                              },
                              "state": {
                                "type": "string"
                              },
                              "countryOrRegion": {
                                "type": "string"
                              },
                              "geoCoordinates": {
                                "type": "object",
                                "properties": {
                                  "altitude": {},
                                  "latitude": {
                                    "type": "number"
                                  },
                                  "longitude": {
                                    "type": "number"
                                  }
                                }
                              }
                            }
                          },
                          "appliedConditionalAccessPolicies": {
                            "type": "array"
                          }
                        },
                        "required": [
                          "id",
                          "createdDateTime",
                          "userDisplayName",
                          "userPrincipalName",
                          "userId",
                          "appId",
                          "appDisplayName",
                          "ipAddress",
                          "clientAppUsed",
                          "correlationId",
                          "conditionalAccessStatus",
                          "isInteractive",
                          "riskDetail",
                          "riskLevelAggregated",
                          "riskLevelDuringSignIn",
                          "riskState",
                          "riskEventTypes",
                          "riskEventTypes_v2",
                          "resourceDisplayName",
                          "resourceId",
                          "status",
                          "deviceDetail",
                          "location",
                          "appliedConditionalAccessPolicies"
                        ]
                      }
                    }
                  }
                }
              }
            },
            "HTTP_user_graph_query": {
              "runAfter": {},
              "metadata": {
                "operationMetadataId": "7b29130f-0889-42f7-8cb2-0a23fc0496cf"
              },
              "type": "Http",
              "inputs": {
                "method": "GET",
                "uri": "@variables('ODataNextLink')",
                "headers": {
                  "content-type": "application/json"
                },
                "authentication": {
                  "type": "ActiveDirectoryOAuth",
                  "tenant": "@variables('TenantId')",
                  "audience": "https://graph.microsoft.com",
                  "clientId": "@variables('AppId')",
                  "secret": "@variables('SecretValue')"
                }
              }
            },
            "Apply_to_each": {
              "foreach": "@body('Parse_JSON_to_add_in_to_a_Sharepoint_List')?['value']",
              "actions": {
                "Create_item": {
                  "runAfter": {},
                  "metadata": {
                    "operationMetadataId": "fba3fa43-82ef-47ce-953c-d2f681b9ab3d"
                  },
                  "type": "OpenApiConnection",
                  "inputs": {
                    "host": {
                      "connectionName": "shared_sharepointonline",
                      "operationId": "PostItem",
                      "apiId": "/providers/Microsoft.PowerApps/apis/shared_sharepointonline"
                    },
                    "parameters": {
                      "dataset": "https://t8656.sharepoint.com/sites/graph_provisioning",
                      "table": "98f97956-29ba-460c-bd5b-1c3ee4659747",
                      "item/Title": "@items('Apply_to_each')?['userId']",
                      "item/CreatedDate": "@items('Apply_to_each')?['createdDateTime']",
                      "item/userPrincipalName": "@items('Apply_to_each')?['userPrincipalName']",
                      "item/location": "@items('Apply_to_each')?['location']",
                      "item/ipAddress": "@items('Apply_to_each')?['ipAddress']",
                      "item/timeStamp": "@body('Convert_time_zone')"
                    },
                    "authentication": "@parameters('$authentication')"
                  }
                }
              },
              "runAfter": {
                "Parse_JSON_to_add_in_to_a_Sharepoint_List": [
                  "Succeeded"
                ]
              },
              "metadata": {
                "operationMetadataId": "3113706d-f922-4865-8e8e-bae06f059a84"
              },
              "type": "Foreach"
            }
          },
          "runAfter": {
            "Set_ODataNextLink": [
              "Succeeded"
            ]
          },
          "expression": "@not(contains(variables('ODataNextLink'), 'https://graph.microsoft.com/v1.0/auditLogs/signIns?$top=999'))",
          "limit": {
            "count": 60,
            "timeout": "PT1H"
          },
          "metadata": {
            "operationMetadataId": "74e04bc3-df14-45bd-ac09-abe57f5afff8"
          },
          "type": "Until"
        }
      },
      "outputs": {}
    },
    "templateName": ""
  },
  "schemaVersion": "1.0.0.0"
}